{"stats":{"minecraft:killed_by":{"minecraft:player":4},"minecraft:dropped":{"minecraft:iron_sword":2,"minecraft:netherite_pickaxe":1,"minecraft:sandstone_slab":1,"minecraft:netherite_chestplate":1,"minecraft:netherite_axe":1,"minecraft:netherite_helmet":1,"minecraft:cookie":64,"minecraft:command_block":1,"minecraft:chainmail_helmet":2,"minecraft:grass_block":1,"minecraft:cut_sandstone_slab":1,"minecraft:wooden_axe":1,"minecraft:cut_sandstone":1,"minecraft:netherite_boots":1,"minecraft:diamond_helmet":1,"minecraft:sand":1,"minecraft:smooth_sandstone":2,"minecraft:chiseled_sandstone":1,"minecraft:netherite_hoe":1,"minecraft:smooth_sandstone_stairs":1,"minecraft:netherite_sword":1,"minecraft:enchanted_golden_apple":64,"minecraft:netherite_shovel":1,"minecraft:nether_brick_fence":1,"minecraft:netherite_leggings":1,"minecraft:chainmail_chestplate":2,"minecraft:diamond_chestplate":1,"minecraft:cake":1,"minecraft:barrel":1,"minecraft:spruce_log":1,"minecraft:sandstone":1,"minecraft:bow":4,"minecraft:arrow":93},"minecraft:killed":{"minecraft:sheep":1,"minecraft:player":2},"minecraft:used":{"minecraft:oak_fence":56,"minecraft:oak_trapdoor":118,"minecraft:nether_brick_fence":37,"minecraft:jack_o_lantern":7,"minecraft:jungle_leaves":356,"minecraft:iron_bars":327,"minecraft:carved_pumpkin":1,"minecraft:smooth_quartz_slab":103,"minecraft:armor_stand":8,"minecraft:spruce_slab":17,"minecraft:redstone":166,"minecraft:bone_block":34,"minecraft:ladder":12,"minecraft:oak_sign":25,"minecraft:light_blue_terracotta":39,"minecraft:spruce_planks":10,"minecraft:chest":17,"minecraft:stone":13,"minecraft:warped_sign":183,"minecraft:quartz_stairs":3,"minecraft:polished_blackstone_wall":4,"minecraft:smooth_sandstone_stairs":598,"minecraft:sandstone_wall":925,"minecraft:torch":5,"minecraft:end_stone_brick_wall":43,"minecraft:dirt":3,"minecraft:anvil":1,"minecraft:ancient_debris":52,"minecraft:spruce_stairs":15,"minecraft:cobblestone_wall":328,"minecraft:cod_bucket":2,"minecraft:warped_door":17,"minecraft:salmon_bucket":16,"minecraft:jungle_trapdoor":35,"minecraft:light_blue_stained_glass":74,"minecraft:oak_fence_gate":2,"minecraft:andesite_wall":35,"minecraft:glass":3,"minecraft:stone_brick_slab":1,"minecraft:honey_block":4,"minecraft:sea_lantern":473,"minecraft:cyan_terracotta":345,"minecraft:lava_bucket":10,"minecraft:music_disc_pigstep":1,"minecraft:lantern":137,"minecraft:grass_block":483,"minecraft:slime_block":16,"minecraft:smooth_sandstone":10562,"minecraft:quartz_block":22,"minecraft:barrel":366,"minecraft:item_frame":17,"minecraft:repeater":8,"minecraft:red_nether_brick_wall":9,"minecraft:redstone_lamp":8,"minecraft:lime_concrete":38,"minecraft:magma_block":4,"minecraft:bow":23,"minecraft:black_stained_glass":82,"minecraft:iron_trapdoor":78,"minecraft:scaffolding":100,"minecraft:skeleton_skull":8,"minecraft:observer":37,"minecraft:enchanted_golden_apple":4,"minecraft:crimson_stem":15,"minecraft:water_bucket":93,"minecraft:end_rod":1,"minecraft:end_stone_bricks":45,"minecraft:sandstone_stairs":138,"minecraft:oak_planks":568,"minecraft:smooth_sandstone_slab":318,"minecraft:cut_sandstone":50,"minecraft:sandstone":3066,"minecraft:black_shulker_box":130,"minecraft:redstone_block":3,"minecraft:end_stone_brick_slab":34,"minecraft:spruce_sign":82,"minecraft:sheep_spawn_egg":2,"minecraft:golden_apple":2,"minecraft:dark_oak_trapdoor":217,"minecraft:cut_sandstone_slab":171,"minecraft:oak_slab":1,"minecraft:birch_sign":5,"minecraft:smooth_red_sandstone":21,"minecraft:yellow_concrete":1,"minecraft:campfire":50,"minecraft:blackstone_wall":22,"minecraft:chiseled_quartz_block":10,"minecraft:note_block":1,"minecraft:spruce_log":131,"minecraft:red_sandstone_wall":4,"minecraft:dark_oak_door":1,"minecraft:redstone_torch":2,"minecraft:sticky_piston":19,"minecraft:piston":3,"minecraft:lever":19,"minecraft:warped_trapdoor":42,"minecraft:daylight_detector":2,"minecraft:chiseled_sandstone":7,"minecraft:command_block":24,"minecraft:oak_button":10,"minecraft:barrier":13,"minecraft:warped_slab":12,"minecraft:stone_button":4,"minecraft:netherite_axe":13,"minecraft:spruce_trapdoor":436,"minecraft:iron_door":5,"minecraft:prismarine_wall":277,"minecraft:stone_axe":6,"minecraft:cobblestone":18,"minecraft:pufferfish_bucket":3,"minecraft:dark_oak_fence":3,"minecraft:crimson_door":4,"minecraft:chain_command_block":11,"minecraft:sandstone_slab":281,"minecraft:bucket":39,"minecraft:chain":37,"minecraft:repeating_command_block":22,"minecraft:oak_boat":2,"minecraft:stripped_oak_log":172,"minecraft:white_concrete":32,"minecraft:jukebox":2,"minecraft:cobweb":2},"minecraft:custom":{"minecraft:interact_with_anvil":1,"minecraft:mob_kills":1,"minecraft:open_barrel":28,"minecraft:open_shulker_box":9,"minecraft:leave_game":11,"minecraft:time_since_death":8591,"minecraft:climb_one_cm":2134,"minecraft:damage_resisted":285,"minecraft:sprint_one_cm":223071,"minecraft:walk_one_cm":836504,"minecraft:drop":48,"minecraft:walk_under_water_one_cm":4828,"minecraft:deaths":4,"minecraft:sneak_time":64145,"minecraft:boat_one_cm":1023,"minecraft:jump":2204,"minecraft:walk_on_water_one_cm":8576,"minecraft:play_record":1,"minecraft:play_one_minute":1147386,"minecraft:time_since_rest":8617,"minecraft:damage_taken":1400,"minecraft:damage_absorbed":481,"minecraft:damage_dealt":475,"minecraft:fly_one_cm":6278514,"minecraft:player_kills":1,"minecraft:open_chest":1,"minecraft:crouch_one_cm":48882,"minecraft:fall_one_cm":741},"minecraft:picked_up":{"minecraft:wooden_axe":2,"minecraft:sandstone_slab":1,"minecraft:ladder":5,"minecraft:nether_brick_fence":1,"minecraft:light_gray_wool":1,"minecraft:sandstone":1,"minecraft:music_disc_pigstep":1,"minecraft:redstone":9,"minecraft:arrow":3,"minecraft:command_block":1,"minecraft:diamond_chestplate":1,"minecraft:mutton":2,"minecraft:cut_sandstone":1,"minecraft:smooth_sandstone_stairs":1,"minecraft:cut_sandstone_slab":1,"minecraft:lantern":2,"minecraft:smooth_sandstone":2,"minecraft:bow":2,"minecraft:diamond_helmet":1,"minecraft:scaffolding":4,"minecraft:sand":1,"minecraft:grass_block":1,"minecraft:chiseled_sandstone":1,"minecraft:barrel":1,"minecraft:lever":4,"minecraft:spruce_sign":1,"minecraft:oak_button":2}},"DataVersion":2586}