{"stats":{"minecraft:killed_by":{"minecraft:player":1},"minecraft:used":{"minecraft:cookie":24,"minecraft:netherite_axe":24,"minecraft:enchanted_golden_apple":6},"minecraft:killed":{"minecraft:player":3},"minecraft:dropped":{"minecraft:sandstone":2,"minecraft:ladder":5},"minecraft:picked_up":{"minecraft:netherite_boots":1,"minecraft:sandstone":2,"minecraft:ladder":5,"minecraft:netherite_helmet":1,"minecraft:netherite_sword":1,"minecraft:netherite_shovel":1,"minecraft:cake":1,"minecraft:netherite_axe":1,"minecraft:cookie":64,"minecraft:netherite_chestplate":1,"minecraft:enchanted_golden_apple":64,"minecraft:netherite_pickaxe":1,"minecraft:netherite_hoe":1,"minecraft:netherite_leggings":1},"minecraft:custom":{"minecraft:open_barrel":1,"minecraft:open_chest":4,"minecraft:time_since_rest":10864,"minecraft:damage_absorbed":704,"minecraft:play_one_minute":65147,"minecraft:crouch_one_cm":9915,"minecraft:open_shulker_box":3,"minecraft:sprint_one_cm":192061,"minecraft:damage_taken":1133,"minecraft:walk_one_cm":177766,"minecraft:deaths":3,"minecraft:sneak_time":2475,"minecraft:drop":7,"minecraft:jump":1460,"minecraft:damage_dealt":1085,"minecraft:leave_game":5,"minecraft:time_since_death":10836,"minecraft:damage_resisted":295,"minecraft:climb_one_cm":1334,"minecraft:fly_one_cm":306455,"minecraft:fall_one_cm":48945,"minecraft:player_kills":3}},"DataVersion":2584}